,count,mean,std,min,25%,50%,75%,max
PassengerId,891.0,446.0,257.3538420152301,1.0,223.5,446.0,668.5,891.0
Survived,891.0,0.3838383838383838,0.4865924542648575,0.0,0.0,0.0,1.0,1.0
Pclass,891.0,2.308641975308642,0.836071240977049,1.0,2.0,3.0,3.0,3.0
Age,891.0,29.69911764705882,13.002015226002882,0.42,22.0,29.69911764705882,35.0,80.0
SibSp,891.0,0.5230078563411896,1.1027434322934317,0.0,0.0,0.0,1.0,8.0
Parch,891.0,0.38159371492704824,0.8060572211299483,0.0,0.0,0.0,0.0,6.0
Fare,891.0,32.204207968574636,49.6934285971809,0.0,7.9104,14.4542,31.0,512.3292
